name,predicted
2b5c1981-8fd.jpg,spaghetti
d22a8a09-a05.jpg,donuts
09be66f0-3f5.jpg,ice_cream
f2e3493b-ac6.jpg,ice_cream
b495c1d5-4f9.jpg,caesar_salad
fa8fe649-d49.jpg,eggs
5337c67e-b40.jpg,hamburger
845e2ce4-5db.jpg,cheesecake
b103517e-426.jpg,baked_potato
bb326ada-661.jpg,hot_dog
009ab5ff-fb6.jpg,fish
bdeafccc-04d.jpg,chocolate_cake
2f31a20a-f6a.jpg,chocolate_cake
06b8b573-0f0.jpg,ice_cream
83aeb452-a13.jpg,french_fries
b8e48698-e40.jpg,cheesecake
4b868b54-d37.jpg,cheesecake
79cb9055-423.jpg,cheesecake
4f6edbf8-fb4.jpg,fish
b8bab8b1-e4a.jpg,hot_dog
8af633cc-10f.jpg,steak
962bacab-85c.jpg,caesar_salad
cc438175-268.jpg,chicken
cc1ed0ba-4ba.jpg,steak
6a7913f0-4e7.jpg,cheesecake
cd0dc8c9-30a.jpg,lasagna
e5ebf8d0-742.jpg,caesar_salad
57f32100-dfc.jpg,baklava
f683db84-dc6.jpg,cheese_sandwich
a6927be7-17c.jpg,lasagna
cd30f296-784.jpg,caesar_salad
d71869e5-e27.jpg,pizza
115cc374-866.jpg,eggs
6f7cf585-205.jpg,caesar_salad
78f79890-30a.jpg,lasagna
451ea55e-9ea.jpg,caesar_salad
97eb9a25-38b.jpg,chocolate_cake
a957d6c1-896.jpg,sushi
dfd3829e-262.jpg,spaghetti
d64835e2-d56.jpg,cheese_sandwich
53a6265f-774.jpg,hamburger
5760396d-9b2.jpg,lasagna
3ae1fb29-ab8.jpg,chicken_curry
ea973fe3-ab5.jpg,falafel
36c06c98-85e.jpg,pizza
9b85fa66-b7c.jpg,pizza
327a6c48-027.jpg,falafel
c3fdf0b1-513.jpg,hot_dog
02fd4db0-fc6.jpg,sushi
5136d9a3-c88.jpg,ice_cream
c46e729a-9c8.jpg,spaghetti
9e844be2-c03.jpg,spaghetti
3d0fd156-6ac.jpg,steak
099907e5-b84.jpg,eggs
51985c65-1bb.jpg,fish
2240e5de-17f.jpg,french_fries
74cf92fe-fc2.jpg,hamburger
7a4ea947-1da.jpg,spaghetti
c066b527-2a9.jpg,baked_potato
8933d2cc-bd1.jpg,baklava
e44e714f-15d.jpg,chocolate_cake
4db6b931-f72.jpg,steak
5dab5f5a-21c.jpg,hamburger
b56b2a64-2f8.jpg,lasagna
f328397b-333.jpg,chicken
d71b43e0-8d1.jpg,cheese_sandwich
7fa6badc-7f4.jpg,cheesecake
6e0564e3-89b.jpg,hot_dog
f82c9f88-de5.jpg,omelette
f3d68724-f49.jpg,lasagna
f43cf594-49f.jpg,ice_cream
5a2350b5-837.jpg,hot_dog
067666fd-5f3.jpg,french_fries
1ad1a429-fcf.jpg,falafel
b250cf63-154.jpg,falafel
b32ca2e5-961.jpg,ice_cream
969aa0ed-f56.jpg,cheese_sandwich
16448130-634.jpg,ice_cream
f7d03f85-fc0.jpg,lasagna
d89189ea-a71.jpg,fish
50d8d261-ea9.jpg,eggs
058f5ba5-874.jpg,pizza
b11820bb-020.jpg,falafel
570d34be-255.jpg,falafel
9b4270fd-8f3.jpg,steak
c62e5da7-42b.jpg,chicken_curry
2a385041-88c.jpg,cheesecake
63675974-523.jpg,spaghetti
ae5a3919-0f7.jpg,chicken
29df4d3b-9bd.jpg,ice_cream
8d5d7d5d-732.jpg,caesar_salad
995a1909-4e3.jpg,fish
5a4aa491-088.jpg,french_fries
c10849c9-039.jpg,sushi
718a1d6c-882.jpg,pizza
f4778c2b-a33.jpg,baklava
593b2ad6-704.jpg,hamburger
8e0a9b8f-66f.jpg,ice_cream
0d418e23-467.jpg,baklava
8bf31214-e01.jpg,caesar_salad
7017785a-f9d.jpg,caesar_salad
c2967743-59d.jpg,omelette
beba5bd2-886.jpg,lasagna
96515a69-b93.jpg,chicken
a37312ec-6ea.jpg,cheese_sandwich
78f80b2d-d2a.jpg,ice_cream
48230033-135.jpg,chicken
94b2df02-795.jpg,ice_cream
2c33c180-da9.jpg,chocolate_cake
61128816-d9d.jpg,falafel
624728a9-f1d.jpg,hot_dog
bbba9de3-f7b.jpg,baklava
05965e8e-c30.jpg,baklava
3e0aefdd-bb7.jpg,steak
32825d02-f24.jpg,chocolate_cake
67a11d71-537.jpg,hot_dog
40ca73ff-175.jpg,donuts
2dc63f14-e18.jpg,baked_potato
5f01d042-6e3.jpg,hot_dog
d38011b5-955.jpg,baklava
5a343e19-f9d.jpg,chicken
3bbc5834-35f.jpg,pizza
aaacf421-3b5.jpg,fish
67c14b56-484.jpg,chicken
05a1c50f-e57.jpg,french_fries
89fda763-c84.jpg,donuts
d84e1772-fde.jpg,baked_potato
8c78e00c-52a.jpg,hot_dog
ba31b5cf-545.jpg,donuts
5bb24b56-a36.jpg,pizza
68931c37-99e.jpg,chocolate_cake
d3490b5d-bc5.jpg,chicken_curry
51836489-e42.jpg,omelette
c2f7c66a-9ff.jpg,omelette
bbc2fd87-f46.jpg,cheese_sandwich
6c138be2-4c0.jpg,falafel
03caf9a8-06d.jpg,sushi
42542a50-31e.jpg,steak
165bf7b9-8ac.jpg,cheese_sandwich
0c03359e-af7.jpg,steak
1c40d2b4-c6a.jpg,spaghetti
6f55fa80-71a.jpg,falafel
ee618900-1b3.jpg,cheesecake
35c1808f-134.jpg,falafel
0da5a538-223.jpg,hamburger
779dc5af-199.jpg,falafel
b1605875-4d0.jpg,lasagna
65c9697b-96f.jpg,sushi
fc89f365-3a9.jpg,omelette
911f6454-bb7.jpg,cheesecake
12d5c7cb-d49.jpg,chicken_curry
ac6bc2fa-668.jpg,donuts
5ff4be3c-89f.jpg,spaghetti
87c442e8-ca2.jpg,hot_dog
534e21c1-e38.jpg,fish
7130c29e-89b.jpg,falafel
e70bca7f-18b.jpg,sushi
27a722fb-49e.jpg,baklava
20c39013-6a0.jpg,chicken
0fc25314-684.jpg,hot_dog
73592c3c-c06.jpg,pizza
0d8120c0-7e4.jpg,falafel
65b11e41-1e3.jpg,steak
23e952f0-a29.jpg,eggs
0d5fccde-c68.jpg,hot_dog
b2f718ac-77d.jpg,ice_cream
8f3a75af-dea.jpg,chicken_curry
1ef6f90a-e97.jpg,omelette
344dcfef-131.jpg,baklava
2e0488ff-49c.jpg,baked_potato
3a65b777-7d4.jpg,chocolate_cake
a3ef7366-c87.jpg,pizza
53733cc4-5cf.jpg,omelette
30ffb489-31b.jpg,lasagna
48327b52-59d.jpg,falafel
05cd59f8-fb5.jpg,hot_dog
db3af632-a3d.jpg,pizza
37b0d0a7-180.jpg,ice_cream
c90a0f99-5ff.jpg,donuts
4df252dc-aee.jpg,baklava
1474cb1f-e47.jpg,baked_potato
5218f59c-b60.jpg,omelette
0a57592f-943.jpg,pizza
ad89722c-25d.jpg,cheese_sandwich
47426136-702.jpg,chocolate_cake
ab305a2d-56d.jpg,falafel
7e11105d-d8c.jpg,cheese_sandwich
f7750fe9-ebf.jpg,chicken
c606a637-59d.jpg,fish
b5c51003-4c1.jpg,sushi
d367626b-66e.jpg,baklava
1ec56fea-c49.jpg,baked_potato
a3c6634b-018.jpg,steak
94d4830d-c87.jpg,chocolate_cake
587e688b-b56.jpg,fish
82bd803c-d43.jpg,hot_dog
075c6513-2d1.jpg,sushi
a4e16277-ed6.jpg,chicken
8ca8b727-35d.jpg,ice_cream
397919d7-f6a.jpg,falafel
0b62098d-2ba.jpg,donuts
37bb0da3-942.jpg,chicken
61a9b9c1-4ac.jpg,hot_dog
ea08aa0e-111.jpg,baklava
8d117f6b-ce6.jpg,baked_potato
cbf2a20f-60b.jpg,steak
7442158b-438.jpg,baked_potato
42971c9f-30f.jpg,lasagna
5c0442e7-769.jpg,eggs
ea9351d8-801.jpg,falafel
477728ae-a0e.jpg,falafel
f62feaf6-0c8.jpg,chicken
c1c121bf-181.jpg,eggs
5eba8922-a8e.jpg,donuts
9f40f7b6-e51.jpg,hot_dog
bf151b2e-144.jpg,baklava
071c9c38-d96.jpg,pizza
1ee59fb1-b3b.jpg,spaghetti
d6d82a75-f06.jpg,hot_dog
40cfd3a6-4ad.jpg,cheesecake
2cdeb4bd-d64.jpg,french_fries
e9585312-94d.jpg,cheesecake
68405a0a-067.jpg,donuts
9d14fb8c-e6c.jpg,ice_cream
76a39479-e35.jpg,donuts
bc9b791c-770.jpg,hamburger
baf1d251-9e0.jpg,cheese_sandwich
96e68839-860.jpg,sushi
1c975212-15b.jpg,fish
da035d9e-7b1.jpg,french_fries
3b8e66d7-53b.jpg,fish
51986a63-d3a.jpg,fish
3d1902dd-12b.jpg,hamburger
806cb4d8-97d.jpg,fish
1253eb43-392.jpg,steak
3f9272d7-e39.jpg,pizza
8dfb19ab-223.jpg,french_fries
b257c7d7-761.jpg,baklava
382a83a5-648.jpg,omelette
eb138552-413.jpg,pizza
9067f279-4e6.jpg,eggs
1ed4bd8e-7ee.jpg,baklava
83af92b2-84d.jpg,lasagna
47186865-920.jpg,chocolate_cake
fadf2400-4ed.jpg,baklava
02a4302e-d33.jpg,steak
bcd907bf-cab.jpg,caesar_salad
ea4e88b5-bdb.jpg,hamburger
beaed6c1-889.jpg,fish
73d2b63b-570.jpg,falafel
39901de9-ee8.jpg,hot_dog
fbe58824-df5.jpg,hamburger
bb17c53a-b33.jpg,cheese_sandwich
04cdb281-ef4.jpg,hot_dog
ea0f9efe-354.jpg,spaghetti
470eab8b-d44.jpg,hamburger
8f903f19-637.jpg,spaghetti
c75cad6e-c21.jpg,steak
737f98dc-c57.jpg,chicken
2a468415-089.jpg,falafel
a9f928f5-d6f.jpg,hamburger
de6196fb-18f.jpg,donuts
45d475a8-017.jpg,fish
06f4bf70-a14.jpg,lasagna
657471e2-722.jpg,steak
cf7572a3-93f.jpg,spaghetti
b886f930-43c.jpg,pizza
3b55c65c-5af.jpg,caesar_salad
ea0e2c7a-ad7.jpg,chicken
90ebe49d-f20.jpg,french_fries
d4b38772-fe7.jpg,sushi
10b6be42-25d.jpg,chocolate_cake
92c34164-64b.jpg,baklava
010a93ac-a09.jpg,lasagna
519b2e7b-e3a.jpg,baklava
27f6bd9b-87f.jpg,hamburger
d824af52-a12.jpg,hamburger
c097948f-a40.jpg,fish
21804a0e-a77.jpg,ice_cream
c897c7e4-125.jpg,fish
89a11d52-3b9.jpg,caesar_salad
cf5da29d-099.jpg,donuts
bcd2a80b-521.jpg,ice_cream
f41354fd-6d2.jpg,baklava
5e77bd65-79c.jpg,steak
9506df96-5ae.jpg,spaghetti
3ec9a4e8-3b2.jpg,caesar_salad
8d3962ea-edc.jpg,eggs
31193cbc-b14.jpg,chicken_curry
276a8fb5-f28.jpg,falafel
4c20b43d-aca.jpg,omelette
5059d540-31f.jpg,chicken
e945c6b4-fac.jpg,omelette
65501f65-a30.jpg,chicken_curry
e4750667-27d.jpg,pizza
a92fc766-70a.jpg,chicken_curry
77dec7ba-382.jpg,chicken
b009bc25-191.jpg,fish
33d64c6a-917.jpg,steak
46474727-fd4.jpg,chicken
b25f34ee-0b9.jpg,donuts
4f6618cb-83b.jpg,ice_cream
f1b14249-5c8.jpg,eggs
dad62b54-b4b.jpg,hamburger
c8c3e309-0f2.jpg,french_fries
e47fa4c0-fef.jpg,pizza
cfaf4269-a6d.jpg,spaghetti
9ae3c460-47e.jpg,cheesecake
0a3809c0-d18.jpg,spaghetti
d9e07898-16d.jpg,chocolate_cake
d6947595-403.jpg,falafel
bb02ee9d-759.jpg,omelette
955e8d1e-9ff.jpg,chicken_curry
77fca4fa-fc0.jpg,steak
9ba18e47-508.jpg,baked_potato
dd2bde45-602.jpg,chocolate_cake
c0ab2959-484.jpg,baked_potato
93b36f4c-ebe.jpg,lasagna
a06ecc17-dc5.jpg,omelette
0a3fa12b-c64.jpg,baklava
e918d6a0-cb4.jpg,donuts
f19f6ab6-cf3.jpg,hamburger
87b1d00e-5c0.jpg,chicken
028e6be4-492.jpg,falafel
0847acd6-6af.jpg,baked_potato
b835603b-174.jpg,hot_dog
f6a2abbe-ee3.jpg,chicken_curry
e74c0452-0af.jpg,caesar_salad
21a20a45-cba.jpg,chicken_curry
f0ab4300-b38.jpg,pizza
7fd44b96-adf.jpg,ice_cream
9ec762b3-ca9.jpg,sushi
6c5e76c4-5c5.jpg,chicken
85f2829e-938.jpg,french_fries
0ef64590-d92.jpg,chocolate_cake
ad467793-333.jpg,caesar_salad
6adcd86c-d07.jpg,donuts
93c02e8d-bdb.jpg,sushi
512871b0-e2b.jpg,cheesecake
7a4d44cc-6e9.jpg,pizza
487f1f00-8db.jpg,ice_cream
c5dd8397-10c.jpg,steak
2b5db3d8-9f6.jpg,hot_dog
560d1380-8a2.jpg,baked_potato
9299e3fc-aa3.jpg,omelette
3f804ddc-f6d.jpg,donuts
3ac2cdff-aa6.jpg,hot_dog
54e97c9c-e85.jpg,ice_cream
050c486e-5cc.jpg,baked_potato
e1ee9fb6-07d.jpg,chocolate_cake
1f024d9b-0a0.jpg,falafel
9a42fe54-864.jpg,baklava
fae86284-d59.jpg,steak
e7004692-73a.jpg,baked_potato
6af5661d-88c.jpg,cheesecake
2c900f38-6a5.jpg,cheese_sandwich
0631cb09-2f3.jpg,chocolate_cake
35aa382a-1e3.jpg,baklava
3777490b-272.jpg,falafel
fb769364-681.jpg,fish
dcde54cf-c7e.jpg,fish
ef4b5e31-7de.jpg,baked_potato
dad50699-ea1.jpg,hot_dog
94771a36-218.jpg,french_fries
a4e39fee-39d.jpg,donuts
972a6a56-c61.jpg,french_fries
2010409b-756.jpg,spaghetti
de31b349-2b3.jpg,lasagna
5a82a5fa-7c7.jpg,fish
0eb2d00c-5b1.jpg,steak
af2595eb-a42.jpg,caesar_salad
4500652d-ea4.jpg,baked_potato
dfd64520-69e.jpg,steak
5f16b933-d49.jpg,fish
fa15b518-ec7.jpg,spaghetti
2f3c55bc-7c8.jpg,cheese_sandwich
147b09a8-814.jpg,fish
dc199664-60d.jpg,eggs
82375f21-7c4.jpg,ice_cream
7fc5be6a-765.jpg,hot_dog
716a5cc6-eed.jpg,hamburger
cba917e7-740.jpg,lasagna
a2626756-1a3.jpg,falafel
04b23252-c7a.jpg,caesar_salad
cc0227c5-86c.jpg,cheese_sandwich
1a47d29c-983.jpg,spaghetti
365854b7-119.jpg,baked_potato
84c5e401-186.jpg,fish
42a9383b-fd9.jpg,pizza
5a0d0b4f-c4b.jpg,ice_cream
a88b0988-f8a.jpg,pizza
ee37642c-478.jpg,baklava
0254df9b-459.jpg,pizza
54b6f3a4-4f5.jpg,chicken
9178d217-04a.jpg,donuts
17e3ea3a-69b.jpg,omelette
7c27f40d-e65.jpg,fish
ed8091bb-1ed.jpg,fish
da1a2a64-c13.jpg,donuts
19363908-0ad.jpg,hamburger
67b73482-dea.jpg,spaghetti
7fc74b9b-ebd.jpg,chocolate_cake
adfb43d2-835.jpg,hot_dog
43f4081a-5fa.jpg,fish
c874959f-dc9.jpg,chicken_curry
32360129-2b4.jpg,donuts
b72c28f7-964.jpg,french_fries
c186defb-cd4.jpg,spaghetti
ff30b83a-121.jpg,chocolate_cake
3fb2c39c-eb9.jpg,sushi
6a1010f5-777.jpg,hot_dog
4a6fe479-31d.jpg,hamburger
c224d341-d61.jpg,pizza
8428d2e8-c31.jpg,chicken
060cccde-ca5.jpg,pizza
0e38b9c2-3bc.jpg,falafel
6f82c47b-70b.jpg,cheese_sandwich
1fc0f66a-519.jpg,chocolate_cake
fb458e96-042.jpg,pizza
b1cf889a-bb3.jpg,chicken_curry
e21846a1-237.jpg,ice_cream
485242c3-40e.jpg,donuts
1b3196a5-40a.jpg,steak
9d168513-bef.jpg,steak
c1012961-ce1.jpg,baked_potato
7d826764-e41.jpg,baklava
3b1f0cc4-8e6.jpg,ice_cream
aec2e475-8fe.jpg,falafel
d80e11ee-567.jpg,french_fries
c6b0aa5e-ae5.jpg,pizza
d0c084c9-c66.jpg,ice_cream
2e02f2f2-508.jpg,fish
b598daf0-642.jpg,baklava
ec98e045-3e3.jpg,cheese_sandwich
7bd2ccff-ee3.jpg,chicken
0f32bd5b-a95.jpg,sushi
e0eccdbf-f5a.jpg,omelette
ff33277d-446.jpg,pizza
57385d9a-945.jpg,lasagna
a0f8e3ab-dd7.jpg,eggs
9ae8d773-250.jpg,baklava
df00afcb-058.jpg,ice_cream
78b06be3-035.jpg,ice_cream
9bd26523-cf4.jpg,baked_potato
ec2996c7-d59.jpg,hamburger
1519ed47-b8a.jpg,donuts
df7e674e-d7a.jpg,caesar_salad
308a6cc9-44d.jpg,baklava
d2f5b003-6c9.jpg,baklava
bc69eb97-cd2.jpg,lasagna
82fdcdf3-937.jpg,falafel
9e0204b5-596.jpg,cheesecake
78f8f4f2-df4.jpg,chicken_curry
f2b33e2a-5d6.jpg,baklava
de6fed5e-051.jpg,omelette
7b3927c9-180.jpg,caesar_salad
f090f7ea-721.jpg,hot_dog
d119af01-711.jpg,chicken_curry
d97b379a-1b7.jpg,chicken_curry
ca086fe6-e8c.jpg,donuts
a2693132-321.jpg,caesar_salad
796b1447-2b2.jpg,baked_potato
97a9ea6e-e05.jpg,sushi
d2d09aac-976.jpg,spaghetti
6c1515ac-20f.jpg,pizza
581566eb-8d8.jpg,chicken_curry
7eeb5084-b3a.jpg,ice_cream
a6bfcc80-bda.jpg,chicken_curry
339133a9-c1c.jpg,fish
ffcbdebe-c37.jpg,cheese_sandwich
99d178fb-609.jpg,cheese_sandwich
0a5b00e7-bf3.jpg,eggs
c8fbe55a-6db.jpg,sushi
994b3224-40e.jpg,falafel
de2d50dd-3ee.jpg,lasagna
5117cece-73d.jpg,chicken_curry
57cdb25b-164.jpg,ice_cream
64888e74-b04.jpg,ice_cream
a31a4c47-9e4.jpg,hot_dog
dad237d3-23d.jpg,spaghetti
3e64a94f-752.jpg,donuts
9565970c-30a.jpg,steak
86abdda1-4ba.jpg,chicken
5f56adac-a70.jpg,baklava
581369ee-651.jpg,chicken
b13c6866-fbe.jpg,lasagna
a67c1551-0dd.jpg,chocolate_cake
20ca109d-244.jpg,cheesecake
6aac078e-582.jpg,hot_dog
774aecdd-cdb.jpg,chicken_curry
c29a1af3-c65.jpg,chocolate_cake
46381559-b82.jpg,french_fries
86a0049f-658.jpg,hamburger
e0141b2f-e1e.jpg,baked_potato
41c95d8c-974.jpg,baked_potato
14487ea3-280.jpg,cheese_sandwich
3a4504c9-ccb.jpg,hamburger
5b88e744-025.jpg,steak
e79fb6de-972.jpg,cheesecake
c051c8c4-bad.jpg,hot_dog
a8d4fb91-50b.jpg,hamburger
0c6926ff-bd0.jpg,omelette
1efedf45-92d.jpg,sushi
ed21ca39-a21.jpg,sushi
98454416-c51.jpg,chocolate_cake
ff4e666f-a5c.jpg,chicken
7e00ae87-0a4.jpg,chicken
1c594a23-0c1.jpg,fish
00930d44-84f.jpg,cheese_sandwich
6ab54097-7bb.jpg,french_fries
996ddf7b-062.jpg,chicken_curry
6ff46bae-f75.jpg,french_fries
bc69c64d-c95.jpg,chocolate_cake
d97f013c-a8c.jpg,spaghetti
b3c844c6-41c.jpg,baked_potato
be1b14d3-e55.jpg,cheesecake
79868dc9-abd.jpg,ice_cream
88f0066a-58b.jpg,hamburger
9448eaae-23d.jpg,steak
8a7d937e-071.jpg,french_fries
fc919d02-d88.jpg,caesar_salad
a46fa7ed-71e.jpg,baked_potato
bcd09d09-add.jpg,falafel
c22efa55-f0e.jpg,hamburger
6531dddf-b54.jpg,chicken
13385eb0-304.jpg,chicken
9635149e-c42.jpg,baklava
6998675b-567.jpg,omelette
1e9bbdd7-598.jpg,sushi
da74faf6-e86.jpg,ice_cream
4307bdb0-822.jpg,caesar_salad
c7a4750c-1b7.jpg,cheesecake
715e1276-39f.jpg,omelette
789bdc3c-e3a.jpg,baklava
f7ef8198-9be.jpg,french_fries
6acad161-b39.jpg,hot_dog
16212fdf-270.jpg,chocolate_cake
61022f60-0f6.jpg,chicken
73d28ef1-252.jpg,baked_potato
9e3ac394-933.jpg,fish
a9550599-4d2.jpg,ice_cream
8678ccdf-80e.jpg,cheese_sandwich
02666b53-530.jpg,hamburger
d7d49b92-dc4.jpg,chicken_curry
7e99de38-d44.jpg,fish
79c7d261-1bd.jpg,pizza
6a589c80-524.jpg,baked_potato
387d38b4-f53.jpg,donuts
39d68695-bef.jpg,hot_dog
d0371e6f-15c.jpg,baklava
062556f0-93b.jpg,chicken_curry
d33a8968-0f6.jpg,pizza
2e7bb0e2-22c.jpg,steak
55c19768-f7e.jpg,pizza
2b9e9005-c45.jpg,cheesecake
0c2b6e60-cb0.jpg,sushi
63ce97d1-f7b.jpg,chocolate_cake
64fc9a01-82a.jpg,steak
76592183-062.jpg,baklava
15c5345e-733.jpg,omelette
14233ed2-f54.jpg,pizza
05004932-3ce.jpg,caesar_salad
70d95b96-933.jpg,fish
f5b974d7-d80.jpg,eggs
a729a93b-d0c.jpg,fish
ba12895d-47a.jpg,baklava
b8769160-f08.jpg,baklava
680ea680-104.jpg,eggs
c2f3d321-ae5.jpg,chicken
95e8fbf3-118.jpg,fish
af7dc6d0-01d.jpg,ice_cream
6009701b-8fc.jpg,cheesecake
1c5cdbee-053.jpg,baklava
3e51b660-009.jpg,baklava
b686bf17-235.jpg,baklava
2b353926-97c.jpg,fish
bcd280ef-bd2.jpg,eggs
513eeb98-038.jpg,chicken
c26663eb-19d.jpg,chicken_curry
d94942e6-573.jpg,caesar_salad
5592d9c4-3d3.jpg,caesar_salad
f52be647-3ee.jpg,pizza
9f17ac6c-57f.jpg,hamburger
bb0e03ed-2c8.jpg,cheesecake
df4d97bb-cd1.jpg,hamburger
9137280d-010.jpg,pizza
84269598-bf3.jpg,ice_cream
7e990c47-c3d.jpg,donuts
7906ae72-ef1.jpg,chicken
c15b0623-316.jpg,omelette
b28fc217-be5.jpg,hamburger
b19a61e7-096.jpg,cheese_sandwich
d57d1c89-ec9.jpg,eggs
1d5a21c8-c79.jpg,hamburger
8ed8efec-9be.jpg,baklava
22196f74-525.jpg,hamburger
e99b4498-841.jpg,baked_potato
3dfcdc02-2e2.jpg,hot_dog
ff59a672-526.jpg,french_fries
8a04968d-00d.jpg,baklava
c371f775-f69.jpg,donuts
1434d115-26a.jpg,omelette
d3194246-068.jpg,caesar_salad
8c101aa6-44c.jpg,caesar_salad
5d1849f5-b3c.jpg,omelette
659810e1-87b.jpg,baklava
726feff0-190.jpg,falafel
c74feaee-50a.jpg,baked_potato
87407f5e-6bc.jpg,chocolate_cake
06a76622-36d.jpg,cheesecake
4c3d2b8f-d2f.jpg,baklava
92ab6254-3a8.jpg,chicken
3da6e5b3-3ac.jpg,chicken_curry
b99f5ecf-2a2.jpg,french_fries
b5074bde-7d2.jpg,falafel
28a37cb6-de1.jpg,chicken
e46b78d2-792.jpg,sushi
87afccc0-50c.jpg,donuts
fb8051df-7b2.jpg,baked_potato
41a87661-778.jpg,donuts
9cbcbc8c-71b.jpg,baklava
25a77262-6b4.jpg,chicken
62e111fc-751.jpg,baked_potato
f7132f2b-009.jpg,omelette
ccd01b35-652.jpg,hot_dog
48ec5ef9-052.jpg,omelette
a8e629de-cd0.jpg,spaghetti
079d7b0c-e4e.jpg,fish
6972ffaf-926.jpg,pizza
9a43756b-13a.jpg,baklava
2db105dd-f3c.jpg,chicken_curry
f7668162-dfd.jpg,donuts
d1e21604-5ed.jpg,chicken
eff2f40a-3b3.jpg,chicken
54f5e392-5db.jpg,baked_potato
e61d4c0f-087.jpg,fish
471df083-4be.jpg,baklava
3d9f82b2-d7d.jpg,baked_potato
29612785-eaf.jpg,falafel
bf96981a-a76.jpg,baklava
23577070-111.jpg,cheesecake
7e35ab1a-7a8.jpg,baklava
d4dab782-fef.jpg,sushi
08e704ea-417.jpg,sushi
2a9b7cba-d8e.jpg,chocolate_cake
c00ca71f-6d6.jpg,ice_cream
eabb936e-b63.jpg,caesar_salad
fe697628-d08.jpg,caesar_salad
37cd99b8-f33.jpg,hamburger
437b92b3-903.jpg,baked_potato
65d3d622-32c.jpg,omelette
8499d02f-2c9.jpg,steak
57f78c98-adc.jpg,fish
5d6d824e-608.jpg,cheesecake
94b141af-355.jpg,chicken_curry
19d2a115-1aa.jpg,spaghetti
2d0c246a-183.jpg,baklava
cb76555b-6d6.jpg,steak
c13738e2-99f.jpg,falafel
dc9ffe27-82d.jpg,fish
8d833553-62a.jpg,hot_dog
9553671b-0bc.jpg,falafel
39b4d5ef-6fd.jpg,caesar_salad
d2711317-a78.jpg,french_fries
5e4be0e0-d19.jpg,pizza
84b3d0f8-7f6.jpg,french_fries
01f7d27e-90c.jpg,baked_potato
1a21aee7-f2a.jpg,eggs
072bdc0e-19a.jpg,spaghetti
c8e19bf3-802.jpg,chicken_curry
36e34e0d-fcd.jpg,chicken
38640631-cf7.jpg,chocolate_cake
3284c9dc-60c.jpg,fish
be8c2088-e5c.jpg,omelette
d5615c5f-b12.jpg,eggs
ba1ccfa1-254.jpg,baklava
388e2368-2f5.jpg,fish
f12a5ea3-81e.jpg,fish
61bfae18-c48.jpg,omelette
5dd0d4ab-b43.jpg,chicken_curry
48f150a9-693.jpg,spaghetti
f1d670ab-cdc.jpg,lasagna
a3de6fd9-c15.jpg,steak
4e00bc6c-789.jpg,baked_potato
07f26dce-e90.jpg,falafel
beeb84ac-bc1.jpg,chocolate_cake
8b62b8c9-e91.jpg,cheese_sandwich
92cc8d22-116.jpg,steak
63d6c45f-590.jpg,chocolate_cake
f4cfecb3-774.jpg,donuts
d0760f64-f2f.jpg,donuts
adc3c3c5-48e.jpg,falafel
f6cc67a2-cb8.jpg,donuts
dcf92f8f-324.jpg,chicken
e4efeed8-c4e.jpg,omelette
a46ab7e7-a99.jpg,fish
a3b87a63-430.jpg,caesar_salad
1913cce3-531.jpg,steak
1235367c-caa.jpg,chicken_curry
8d6c52bc-70b.jpg,cheese_sandwich
399fbf4f-2b3.jpg,hamburger
3aa8ed87-1a0.jpg,spaghetti
80089144-00f.jpg,fish
a51d4481-381.jpg,pizza
771d6da4-270.jpg,chicken
68f57935-477.jpg,donuts
3d736d7f-bda.jpg,cheese_sandwich
30906027-81e.jpg,ice_cream
5bef82bf-e3c.jpg,baked_potato
accfaf7e-015.jpg,omelette
968b8437-d48.jpg,baklava
dc9a3a6e-3b2.jpg,french_fries
aa6d6622-1ba.jpg,chicken
a74d3bb1-7fb.jpg,baklava
ec8d7e90-b6a.jpg,falafel
0a9aa655-d49.jpg,pizza
7df53f2b-121.jpg,chicken_curry
86a49ec9-cb7.jpg,donuts
40d075c7-aa3.jpg,caesar_salad
cbd40be9-cc8.jpg,lasagna
30f3eebb-337.jpg,steak
2b7c389a-275.jpg,cheesecake
9109b889-625.jpg,spaghetti
64732eaa-0be.jpg,chicken_curry
8dd249f7-c15.jpg,eggs
8e09ee91-bce.jpg,pizza
ab98d212-f59.jpg,ice_cream
f4750e20-69b.jpg,falafel
fb8718d6-183.jpg,lasagna
5e942d97-7f8.jpg,fish
f7da70e6-4f1.jpg,french_fries
15fa68fe-691.jpg,chocolate_cake
66f324a4-b79.jpg,chicken
6603c104-886.jpg,baklava
4b0864cc-e4f.jpg,sushi
9f9f22dd-104.jpg,chicken
7da45065-2ad.jpg,baklava
ad1e5c4f-4cd.jpg,steak
08aaa8c1-e79.jpg,caesar_salad
b0dd3966-cd2.jpg,eggs
9e02ee1f-23c.jpg,sushi
2dc9381c-bf0.jpg,spaghetti
4921f0cd-59a.jpg,spaghetti
90b2f991-779.jpg,hamburger
f17a5223-f08.jpg,fish
db0b8547-349.jpg,spaghetti
ac8f8056-fab.jpg,falafel
21478e4d-982.jpg,french_fries
39091105-093.jpg,steak
8e7f8b2b-1f2.jpg,steak
1c17c0f6-cf3.jpg,lasagna
82f508f7-85d.jpg,hot_dog
c54935ab-adb.jpg,fish
a9e60f9c-112.jpg,sushi
a3043611-86a.jpg,hamburger
2ac01bee-0b5.jpg,spaghetti
890d18f9-5d0.jpg,falafel
dfa3bf76-594.jpg,hot_dog
01cf0154-029.jpg,eggs
0a395cc5-7c6.jpg,chicken_curry
02e81e77-22f.jpg,ice_cream
31f0e31b-ec6.jpg,ice_cream
410451e4-7b0.jpg,ice_cream
57fa42c5-057.jpg,baklava
ee99c599-2c5.jpg,french_fries
9574cff7-059.jpg,pizza
14db7573-a6a.jpg,chicken
cfd2957e-7da.jpg,baklava
9c724904-2e4.jpg,hamburger
bbcb4dc6-b44.jpg,cheese_sandwich
567ba6ee-88d.jpg,falafel
13452707-d6d.jpg,pizza
b53eaf46-4a2.jpg,chicken
371be3a9-ac6.jpg,steak
5ff38589-a42.jpg,chicken_curry
76a8c56f-243.jpg,spaghetti
d3f2e4dd-d82.jpg,caesar_salad
c4a771b9-6cd.jpg,french_fries
22711964-de4.jpg,chicken_curry
76ebb270-f96.jpg,baklava
5b0172c9-5af.jpg,sushi
0c507eb9-098.jpg,baklava
a399751a-5a6.jpg,chicken
9086576d-d90.jpg,chicken_curry
840ef517-938.jpg,pizza
cfafd850-a8e.jpg,chicken_curry
9f675e2c-970.jpg,chicken_curry
b6a668c5-3c3.jpg,sushi
6fd93c24-fe8.jpg,lasagna
37f9e1f5-e64.jpg,donuts
2e13f553-e18.jpg,pizza
9088a1b8-c95.jpg,spaghetti
d57e25e2-c9a.jpg,eggs
1cc9f6d1-329.jpg,fish
4a63e70b-443.jpg,donuts
f7e32cdb-eae.jpg,hot_dog
a3524ccd-eb8.jpg,pizza
1c84ed30-0e7.jpg,falafel
b7fef411-59c.jpg,omelette
52e36c13-4f8.jpg,fish
3337f9b6-ecf.jpg,spaghetti
7a342512-655.jpg,chicken_curry
b070766c-305.jpg,falafel
8749ba61-9c1.jpg,cheese_sandwich
e2089217-a3b.jpg,caesar_salad
d17caedb-ee6.jpg,hot_dog
5395320c-5b9.jpg,hot_dog
8fa7768e-267.jpg,eggs
a0ddd3d9-e3e.jpg,fish
18da0e50-d25.jpg,french_fries
ca14e54c-666.jpg,donuts
0c2ceb87-91c.jpg,chicken
263d7af4-ea1.jpg,sushi
25e5c3d3-5f5.jpg,chicken
9200cdf2-7ca.jpg,chicken_curry
da0bfaaf-00e.jpg,chicken
95bb354e-474.jpg,donuts
1140176b-748.jpg,chicken_curry
93d89ba5-4a0.jpg,fish
9d06f902-1b9.jpg,baked_potato
05d43635-21a.jpg,chicken
0d9bd592-15e.jpg,ice_cream
31f00c32-24a.jpg,eggs
d1896f5c-fb8.jpg,ice_cream
0c3ba1ce-00b.jpg,baklava
5a9045f2-f4c.jpg,steak
b0dbf5ac-4b9.jpg,caesar_salad
bef42a51-9ff.jpg,chocolate_cake
4d3d963a-287.jpg,spaghetti
fee796fa-edf.jpg,hamburger
a699e264-d89.jpg,chicken
a6767a05-b49.jpg,chicken_curry
d377063f-32e.jpg,fish
5d002c81-7bf.jpg,sushi
8fcbb11b-3d8.jpg,hot_dog
8028505d-c95.jpg,falafel
2fe6d9c5-7de.jpg,sushi
9dbc569a-ca9.jpg,hamburger
3f01944c-eb1.jpg,donuts
699dbf34-687.jpg,chicken
34a4c61c-ca4.jpg,baked_potato
d5651e77-152.jpg,spaghetti
3a322088-ab7.jpg,french_fries
a3bc099d-ec0.jpg,caesar_salad
be7506e6-386.jpg,lasagna
d6901f00-4d3.jpg,spaghetti
ba94815b-268.jpg,ice_cream
844ea4b8-071.jpg,hamburger
a26bba7c-cf8.jpg,lasagna
4589b6dc-cfe.jpg,donuts
d19e766b-6fe.jpg,caesar_salad
9a4fc1c6-3fc.jpg,french_fries
62d33e49-1d4.jpg,french_fries
8e753c99-ebd.jpg,chicken
4ffcba57-36f.jpg,french_fries
6198995b-8b6.jpg,chocolate_cake
028b4c2b-cfa.jpg,chicken_curry
25ef2ca4-dc7.jpg,caesar_salad
2b7cd9e9-2f8.jpg,baked_potato
af3cfd57-cd9.jpg,steak
001f9917-8d1.jpg,fish
3cbfff86-9fa.jpg,omelette
3d41a272-155.jpg,hamburger
ac69b854-c0a.jpg,spaghetti
b2507c57-396.jpg,spaghetti
98d44190-f9d.jpg,fish
83082e02-78d.jpg,eggs
b1a2b53a-f6a.jpg,pizza
e815edf0-9f5.jpg,chocolate_cake
08516d06-6bd.jpg,hot_dog
fccdcf96-a5e.jpg,hot_dog
5773b4d4-f3c.jpg,eggs
2a9f8f74-b64.jpg,pizza
31d05424-ce6.jpg,falafel
3b7e7a74-f2c.jpg,pizza
10e0490a-d93.jpg,pizza
596db463-3cc.jpg,falafel
8ccffb2c-8a1.jpg,lasagna
b5036c3c-084.jpg,baklava
c28c2e03-93b.jpg,french_fries
8d49110d-dfc.jpg,steak
53429c40-a63.jpg,fish
28c901b7-ede.jpg,baked_potato
f74f5c26-98d.jpg,steak
244ba088-ed0.jpg,steak
e0b1fc31-1d5.jpg,chicken_curry
1449f7a5-d8e.jpg,ice_cream
2860cb08-125.jpg,spaghetti
f6a535bd-93e.jpg,cheese_sandwich
4a60ff4f-0ab.jpg,pizza
aacd93ba-5b3.jpg,hamburger
5bd15ef3-522.jpg,cheese_sandwich
c9185bfc-7e5.jpg,sushi
421f11ca-09f.jpg,cheese_sandwich
7fad8835-0d7.jpg,cheese_sandwich
717a2fe5-8e7.jpg,sushi
2327d9dd-9e4.jpg,chocolate_cake
5a375b24-d65.jpg,chocolate_cake
b48c6a3e-fe2.jpg,falafel
568621bc-f2e.jpg,baklava
24c3f710-8c1.jpg,baked_potato
3fe5185c-a3c.jpg,eggs
12e45efe-89e.jpg,ice_cream
0fdcb7a3-6f6.jpg,sushi
e268c94f-540.jpg,ice_cream
a1169d11-848.jpg,hot_dog
f4a78b68-170.jpg,chicken
8e82c902-cd0.jpg,sushi
10a81ab6-9cb.jpg,falafel
95502d82-349.jpg,eggs
dad28689-f6e.jpg,baklava
cfa75b54-d3a.jpg,sushi
719d3db9-e92.jpg,ice_cream
8537e37f-bda.jpg,pizza
d6bffc6e-542.jpg,caesar_salad
75744794-395.jpg,donuts
3397b853-9bd.jpg,caesar_salad
acfb7d58-163.jpg,baked_potato
729e1fd3-4d4.jpg,baklava
cf65b5c8-293.jpg,chicken_curry
eb956c9b-c22.jpg,donuts
03343bfe-b73.jpg,cheesecake
09b68a16-3ce.jpg,fish
53fb95f7-a6a.jpg,hot_dog
b1e6027b-652.jpg,fish
8bf297f0-b09.jpg,chicken
4095418a-295.jpg,baklava
44e7d1d7-420.jpg,hot_dog
298ec333-355.jpg,caesar_salad
6694b238-8a4.jpg,chicken
299ffc83-1e7.jpg,ice_cream
e21e9b58-707.jpg,spaghetti
ccf8d4d2-9c1.jpg,spaghetti
660eb4f8-bad.jpg,steak
ecbae283-a26.jpg,falafel
988fce2c-bcd.jpg,baklava
07980a02-849.jpg,french_fries
1d0be64f-000.jpg,eggs
432569f5-475.jpg,french_fries
f968fefd-92e.jpg,baked_potato
02be56c2-4d7.jpg,chocolate_cake
760a3284-d34.jpg,omelette
034fc2a8-3aa.jpg,falafel
a7d030fe-5d5.jpg,eggs
912a33d2-579.jpg,donuts
12c41116-581.jpg,falafel
0f32d6b7-13b.jpg,chicken
994877d2-492.jpg,baked_potato
c2d968c8-4b1.jpg,eggs
03a4f8f9-b49.jpg,cheese_sandwich
d11a8f8b-77e.jpg,donuts
5bf498ac-96f.jpg,cheese_sandwich
f26b8f66-91d.jpg,lasagna
1503e439-fb5.jpg,steak
43a60d82-b1f.jpg,chicken_curry
2fad3dd8-12b.jpg,steak
adac2978-619.jpg,baked_potato
f8e4a570-0fe.jpg,fish
38ad179e-c7d.jpg,donuts
eb6f4032-b61.jpg,chicken_curry
aa5bb92d-590.jpg,hamburger
ea6741f1-ea7.jpg,fish
c4269734-121.jpg,spaghetti
48ca7278-8d5.jpg,fish
1ef839a1-e0f.jpg,spaghetti
2215b997-345.jpg,french_fries
9b731d8b-94d.jpg,spaghetti
4f1c0546-e58.jpg,eggs
9377f087-bbe.jpg,ice_cream
562ec160-014.jpg,spaghetti
9d588c4c-ef6.jpg,steak
6b2c6697-006.jpg,hot_dog
72c7ee2a-c34.jpg,fish
1ba6057f-beb.jpg,hamburger
8284f00a-7b9.jpg,caesar_salad
0760f70e-e72.jpg,spaghetti
d44c5c49-8c6.jpg,fish
d81090d0-a53.jpg,spaghetti
6f8f4d2a-086.jpg,ice_cream
3079a7c3-5b2.jpg,chicken_curry
73ee81b8-7e0.jpg,eggs
70eb8e19-fe0.jpg,chicken_curry
1283fbd3-c09.jpg,eggs
ec56b3e2-bbb.jpg,eggs
397cc204-113.jpg,falafel
7ce6b562-220.jpg,french_fries
cb5a7b53-ce8.jpg,baklava
64bda41b-f30.jpg,french_fries
fb9e8df9-37b.jpg,sushi
79877613-28a.jpg,pizza
82c28c4a-a71.jpg,donuts
ead9ebc3-879.jpg,pizza
599cc9ba-7b9.jpg,chocolate_cake
83d50eb9-aaa.jpg,hot_dog
e40e9b86-965.jpg,eggs
d84aa532-a85.jpg,french_fries
efcdd61a-0ff.jpg,hot_dog
1929b65f-41d.jpg,chicken_curry
ba2a7470-e28.jpg,falafel
fba78fba-867.jpg,baklava
f7c96374-0f0.jpg,hamburger
b7f43e0a-96d.jpg,caesar_salad
4caf962b-6ee.jpg,hot_dog
31d7c406-216.jpg,baklava
8c3be92d-6c4.jpg,sushi
ce3d8ae1-e25.jpg,steak
1cd13f6c-501.jpg,eggs
38f01382-02a.jpg,omelette
9a5b0881-b59.jpg,spaghetti
122c1579-413.jpg,hamburger
aa318837-8eb.jpg,sushi
b2132b76-d06.jpg,fish
f06911ea-21b.jpg,sushi
18b15988-a0c.jpg,french_fries
76c857c1-fbf.jpg,caesar_salad
da5fa5c1-305.jpg,ice_cream
210613dd-939.jpg,caesar_salad
f2e3eb03-544.jpg,hamburger
08fbdc5d-5de.jpg,ice_cream
d24e7747-109.jpg,chicken_curry
12109df5-361.jpg,ice_cream
c30d0a41-d63.jpg,baklava
71e04047-931.jpg,spaghetti
32ee8252-795.jpg,donuts
247f1814-848.jpg,sushi
1d2c3e6e-df7.jpg,eggs
4429efe4-428.jpg,fish
ad4ec42f-ca5.jpg,baked_potato
f15d3476-c3f.jpg,chocolate_cake
b0c63d6d-164.jpg,falafel
5c417987-6bb.jpg,ice_cream
68b72caf-d2b.jpg,lasagna
32f6f71e-912.jpg,sushi
f21c263a-758.jpg,pizza
52cbdbe4-432.jpg,falafel
26568754-c75.jpg,ice_cream
495618c0-534.jpg,fish
8a8863d0-79d.jpg,ice_cream
d1497bb1-909.jpg,lasagna
74052b3d-789.jpg,chicken
3d6a9b4d-465.jpg,pizza
dda665ae-621.jpg,lasagna
c955dc63-197.jpg,spaghetti
a1f39dfe-1ce.jpg,omelette
3f39cc02-797.jpg,ice_cream
1882334c-ccc.jpg,hot_dog
60be9232-ca8.jpg,baklava
da696728-809.jpg,falafel
6b06dabf-5c1.jpg,donuts
b1f8d074-3fa.jpg,lasagna
e2bb2645-bc7.jpg,fish
71885ab3-36b.jpg,sushi
775a1861-1ea.jpg,baked_potato
8a35b09a-5e0.jpg,baked_potato
72118452-4bd.jpg,omelette
b243b908-76e.jpg,chocolate_cake
16c358c7-a97.jpg,hamburger
787d39cb-bdc.jpg,baklava
c347d27b-e96.jpg,hot_dog
55c42bb6-3e4.jpg,ice_cream
171734b7-2b5.jpg,caesar_salad
4dbaef30-020.jpg,caesar_salad
28913a3a-9c0.jpg,sushi
5dd68205-312.jpg,fish
081bf902-527.jpg,chocolate_cake
1a5d872a-374.jpg,chicken_curry
2b5c6ca8-dfc.jpg,hamburger
23f801e8-7b6.jpg,hot_dog
6d46d2ec-1d5.jpg,eggs
3d80d6d0-075.jpg,steak
6d7bfedc-57a.jpg,chicken
d44a2793-09e.jpg,eggs
93bdaf1f-1ac.jpg,ice_cream
53aed569-1ea.jpg,lasagna
dcfadac3-f6f.jpg,hot_dog
98efd4a3-f4f.jpg,hot_dog
c317302d-61d.jpg,hot_dog
92fdf7c3-68e.jpg,caesar_salad
e10f215d-c63.jpg,lasagna
5e299b2a-09f.jpg,hot_dog
31257acd-f9a.jpg,caesar_salad
c2ac5653-348.jpg,donuts
b3652ea1-73e.jpg,chicken_curry
deeefdf1-b7a.jpg,donuts
222aa918-243.jpg,lasagna
03338dae-9ed.jpg,omelette
d80fa450-13a.jpg,omelette
fda00874-041.jpg,sushi
e74216f6-f7b.jpg,chicken
d27e0892-0cf.jpg,chicken
b80f524b-244.jpg,lasagna
2eb33177-864.jpg,chicken_curry
d5496e7e-a45.jpg,steak
c9749e8b-307.jpg,chocolate_cake
ca3fe34f-a28.jpg,sushi
09f569db-e0f.jpg,french_fries
402ff5aa-34f.jpg,omelette
13d4c877-0c8.jpg,baked_potato
1108927f-1ec.jpg,chicken_curry
06463504-7e9.jpg,chicken_curry
a944e1bd-702.jpg,hamburger
e7943353-680.jpg,chocolate_cake
57d375ac-640.jpg,baked_potato
0b320128-4ae.jpg,omelette
c09a3b5f-474.jpg,falafel
20af1737-9df.jpg,pizza
2eae80e8-b44.jpg,falafel
8181ed51-bd2.jpg,cheese_sandwich
d8ae150f-aaa.jpg,chicken_curry
f81f3c06-bd0.jpg,cheesecake
c5a96e9c-460.jpg,baklava
b4406fe7-ac7.jpg,sushi
8a9d4b35-caf.jpg,chicken_curry
0921452c-7e5.jpg,eggs
4a3398e1-91c.jpg,chicken_curry
88000241-384.jpg,chicken_curry
6dd8a94b-4b1.jpg,chicken_curry
f74d03cd-cf5.jpg,sushi
ffae3d32-778.jpg,falafel
109e0400-1b2.jpg,spaghetti
97062230-65d.jpg,baked_potato
eefb4bb9-639.jpg,caesar_salad
e156953d-a70.jpg,baklava
38f1eb22-705.jpg,falafel
45a982f9-4cb.jpg,spaghetti
3a370d43-c70.jpg,chocolate_cake
6e9acb0e-9db.jpg,hamburger
98d9daa9-4d9.jpg,baklava
8457b133-a9f.jpg,pizza
c7812a0a-f63.jpg,baklava
709eda24-a50.jpg,baked_potato
32e3d827-d2a.jpg,donuts
1939c108-10c.jpg,caesar_salad
1059a36f-4e5.jpg,sushi
ca500f65-b71.jpg,eggs
001a051b-8e6.jpg,baklava
239a761d-522.jpg,chicken
f76a791c-c9a.jpg,ice_cream
1683d981-f09.jpg,baked_potato
7cb99506-6ef.jpg,cheesecake
712fdfd4-fe3.jpg,hamburger
21ca46c6-eec.jpg,sushi
19f0c8c8-209.jpg,donuts
287ac48b-eac.jpg,falafel
75e0315e-3d8.jpg,omelette
3d1caf2d-091.jpg,sushi
2eb478c1-a59.jpg,baked_potato
a4f21e1b-e24.jpg,spaghetti
e71b7f44-27a.jpg,ice_cream
66564475-a27.jpg,donuts
d2205071-227.jpg,donuts
f80770e6-e38.jpg,caesar_salad
0d674314-9fd.jpg,chicken
653d38ce-3ed.jpg,caesar_salad
90396121-377.jpg,chocolate_cake
e3e98a67-2b7.jpg,omelette
b8217119-e12.jpg,hot_dog
5ed17355-78a.jpg,steak
7f4305fd-6b4.jpg,fish
3e4278f9-145.jpg,cheesecake
4711f993-019.jpg,cheese_sandwich
968e64df-081.jpg,falafel
2ba5f314-2d3.jpg,steak
56ce8843-a4f.jpg,ice_cream
8102867e-ae5.jpg,falafel
8bd4c1eb-4bc.jpg,cheese_sandwich
b45015ba-614.jpg,pizza
c76a6830-207.jpg,chicken
30eea99f-264.jpg,caesar_salad
e8725a8c-1b5.jpg,falafel
ff32cf16-a0a.jpg,pizza
7d11988c-75a.jpg,omelette
e7a5f7d5-4e4.jpg,french_fries
83835268-ae0.jpg,french_fries
38c55c2a-617.jpg,chicken
2f0f536a-9a2.jpg,ice_cream
1507b4d6-792.jpg,falafel
142ef20c-5d6.jpg,hot_dog
74bf1f4f-6ff.jpg,falafel
e3c9ce89-949.jpg,falafel
485d96fb-c0f.jpg,lasagna
8525feed-505.jpg,eggs
f6110336-03b.jpg,chicken
45a49900-aa1.jpg,spaghetti
6da9f51d-260.jpg,french_fries
cc2dc295-7f7.jpg,lasagna
4f8335dc-005.jpg,steak
00b1390d-56f.jpg,chocolate_cake
dbfd2612-268.jpg,sushi
19860b15-22e.jpg,chicken_curry
bb666f4a-c1b.jpg,french_fries
58022dcb-76e.jpg,falafel
a09d65cb-a83.jpg,hot_dog
81f64a16-735.jpg,cheese_sandwich
834918f6-c0a.jpg,baklava
e2c6095b-8b7.jpg,cheesecake
3115e885-adb.jpg,lasagna
93d256c2-659.jpg,hamburger
1c4ae583-6e0.jpg,caesar_salad
496bc5e9-96a.jpg,eggs
7c7c70af-c30.jpg,steak
6dfc6330-24d.jpg,eggs
0028f1c3-64a.jpg,hot_dog
6ccbe461-b8c.jpg,eggs
23144131-b79.jpg,baked_potato
f0e58483-389.jpg,steak
ddb7df34-cd2.jpg,chicken_curry
521353d7-28a.jpg,french_fries
0871d89b-291.jpg,eggs
1cf2d8e0-d19.jpg,steak
ca63dd40-48c.jpg,pizza
4ec79952-363.jpg,caesar_salad
bb22c3b5-729.jpg,hot_dog
c65d809b-856.jpg,falafel
fd447ad5-c0a.jpg,hot_dog
cad96b4c-920.jpg,falafel
2152e091-263.jpg,hot_dog
aa710a90-414.jpg,chicken_curry
413e10c2-15c.jpg,cheese_sandwich
d6999ee9-953.jpg,chicken
c886be1f-e7c.jpg,hot_dog
f0d8cd03-2cd.jpg,chocolate_cake
a783b698-cc6.jpg,baklava
671c47db-c3e.jpg,baklava
25185b42-d4d.jpg,french_fries
aa72e74c-544.jpg,spaghetti
84b0bab4-2e1.jpg,cheesecake
cd1c6682-c40.jpg,chocolate_cake
06c62a22-152.jpg,pizza
42f934ab-651.jpg,pizza
a92945ff-771.jpg,ice_cream
20001e83-5c6.jpg,chicken
7fd3baf5-065.jpg,baklava
4f2c11bf-f84.jpg,fish
0b8d6e85-b00.jpg,fish
ef8a7c9d-4c7.jpg,baked_potato
584b6892-599.jpg,eggs
00e74dbe-887.jpg,chocolate_cake
3242c5a9-530.jpg,spaghetti
83d6d2a5-82c.jpg,fish
df495dd2-b79.jpg,donuts
a37ae866-fa1.jpg,hot_dog
92a9750f-88b.jpg,falafel
fbea8489-fd4.jpg,baked_potato
69a7a51b-7ef.jpg,hamburger
57a396d3-4c4.jpg,hamburger
95bd02a1-095.jpg,baked_potato
1a654b13-139.jpg,hot_dog
4d7d9c43-f84.jpg,chocolate_cake
cd5958f2-a00.jpg,cheesecake
3e05675a-f79.jpg,lasagna
47febcca-89d.jpg,pizza
71eefc52-c6c.jpg,eggs
4e740e95-379.jpg,cheese_sandwich
ac3ff919-69d.jpg,fish
c7a337b3-2ce.jpg,sushi
a2df51b1-8c9.jpg,chicken
aace7b65-830.jpg,lasagna
26c4cf6c-73b.jpg,chicken
2bef985d-653.jpg,eggs
01259e9a-6f7.jpg,baklava
281baf99-4ed.jpg,sushi
c9acc5d7-fb0.jpg,falafel
4b70f592-ff9.jpg,donuts
2f81cf82-1eb.jpg,fish
6f97db04-a02.jpg,baked_potato
f348f29d-178.jpg,chicken
35b6a534-286.jpg,chicken
720febfe-427.jpg,baked_potato
0d030887-7a1.jpg,spaghetti
0e533e2b-7be.jpg,cheese_sandwich
c28b4089-293.jpg,lasagna
cc05bde6-da0.jpg,french_fries
8fc134e2-441.jpg,chicken_curry
2bb56dd4-248.jpg,pizza
1f966351-65f.jpg,eggs
31ea8bfe-f75.jpg,sushi
40420f5c-8a2.jpg,falafel
85767fa0-dcc.jpg,lasagna
75adfe15-7c0.jpg,cheesecake
ee7d0a22-3a1.jpg,falafel
925b1c55-20f.jpg,hot_dog
001bfca4-b75.jpg,chocolate_cake
c72d817b-665.jpg,steak
e57927c5-b1e.jpg,caesar_salad
40a58458-ce9.jpg,chocolate_cake
ad6e8b66-091.jpg,cheesecake
76f936b8-39e.jpg,hot_dog
69e2e737-042.jpg,baklava
4c1ae9f5-2bd.jpg,baklava
772ae41e-e17.jpg,donuts
490260c6-f54.jpg,cheese_sandwich
8d1452c3-aeb.jpg,baked_potato
7c8b955b-3e7.jpg,ice_cream
c5078b76-5d0.jpg,donuts
044ec7e8-7bb.jpg,baked_potato
aa5d12f3-9fb.jpg,cheesecake
c4fdb753-f6d.jpg,pizza
4bb63fae-206.jpg,chocolate_cake
3a9710b0-82e.jpg,baked_potato
66506628-658.jpg,hot_dog
7c351717-19c.jpg,pizza
4acfb0e3-9ca.jpg,cheesecake
3866db34-d13.jpg,donuts
c9f8c7e4-2fc.jpg,cheesecake
41790408-08f.jpg,eggs
ef465cdd-9b7.jpg,hot_dog
82865f73-798.jpg,baked_potato
183bbaee-e96.jpg,chicken
16ca7276-f06.jpg,cheesecake
cd344448-3ee.jpg,baked_potato
58e6fcdb-73e.jpg,fish
f5492157-152.jpg,fish
a5df590b-386.jpg,pizza
058a29c5-749.jpg,sushi
864e978b-fa6.jpg,cheese_sandwich
d91b9a46-c49.jpg,steak
9934a82e-c54.jpg,eggs
379266b6-cb6.jpg,cheesecake
783c3d85-02a.jpg,caesar_salad
1da8b66c-6bd.jpg,chicken_curry
cf93300f-ad9.jpg,french_fries
b6624d49-bae.jpg,sushi
d95c6b6e-062.jpg,falafel
271763cc-63c.jpg,ice_cream
f30ff535-cd6.jpg,ice_cream
880a0634-a5e.jpg,ice_cream
f0a399ca-16d.jpg,french_fries
380f3cbe-9da.jpg,steak
7325e18a-c84.jpg,hamburger
6e404220-93f.jpg,donuts
534cc6d4-00f.jpg,cheese_sandwich
80694417-0ff.jpg,omelette
481df7ba-1bb.jpg,chocolate_cake
75f39f5c-878.jpg,french_fries
1487174f-a9c.jpg,hamburger
f4726b9b-d2c.jpg,donuts
79a9a44c-cf4.jpg,baked_potato
fcccabe2-dea.jpg,hamburger
a42a7a22-9ef.jpg,caesar_salad
f9e55f1b-538.jpg,steak
143fb37a-8d2.jpg,baklava
a219ce3d-47f.jpg,caesar_salad
3c938123-cf0.jpg,french_fries
1b6d2ca4-4a0.jpg,caesar_salad
b809dd45-87a.jpg,hamburger
4a052390-1eb.jpg,chicken_curry
3f5c8128-bc8.jpg,donuts
5d67473f-b95.jpg,caesar_salad
c4b7c4fd-f00.jpg,omelette
e3ff47e4-bb2.jpg,caesar_salad
9b101190-f75.jpg,pizza
711ea8cf-7bf.jpg,spaghetti
35a675a0-f29.jpg,lasagna
890b532f-38e.jpg,chocolate_cake
0fc72fd8-38f.jpg,cheesecake
752b2e02-667.jpg,ice_cream
d1bda3c7-f36.jpg,cheese_sandwich
ecce7027-ee1.jpg,donuts
a9a2279b-557.jpg,hamburger
b205fa82-efe.jpg,french_fries
9ff40b61-dc8.jpg,cheese_sandwich
8f860f66-641.jpg,baklava
cee9c374-d29.jpg,cheesecake
9193ffbc-1d9.jpg,cheesecake
e292bb06-4a7.jpg,chicken
9b42552d-031.jpg,chicken
57f9f22a-d54.jpg,baklava
b103d14e-195.jpg,spaghetti
5de2398c-952.jpg,ice_cream
f75bcbc6-0e9.jpg,donuts
2e8e0484-39c.jpg,caesar_salad
f0ba46c9-fa5.jpg,chicken
81fb6138-fdc.jpg,spaghetti
586e5181-613.jpg,baked_potato
89a6c616-7bd.jpg,baklava
0d6bf3c1-0bc.jpg,omelette
3233f80e-f47.jpg,ice_cream
f692c1a7-6ab.jpg,caesar_salad
55569b3c-7b7.jpg,baklava
885ec7f9-a7d.jpg,hamburger
844e7c4c-749.jpg,ice_cream
e8623937-7cd.jpg,baked_potato
37e181f8-4ed.jpg,falafel
1f967a7b-d5f.jpg,omelette
3e7d9bfe-854.jpg,eggs
cfb823bf-4c7.jpg,lasagna
c0221a2c-3b1.jpg,cheesecake
07125a5c-3de.jpg,hamburger
c1802bf5-88a.jpg,caesar_salad
17fe9ed5-649.jpg,spaghetti
30a7f65e-e3a.jpg,lasagna
caa61885-bf9.jpg,ice_cream
d0aee07d-11e.jpg,eggs
742a04c3-a72.jpg,chicken_curry
4d665aef-2d8.jpg,ice_cream
473babee-220.jpg,hamburger
c85e7b29-e6b.jpg,ice_cream
c8499e26-010.jpg,baked_potato
dd4062e6-179.jpg,hamburger
d9e82bce-441.jpg,steak
c02d0d10-595.jpg,steak
7868dcd8-250.jpg,falafel
cac0e0a0-894.jpg,chicken_curry
1d637d35-d41.jpg,ice_cream
e6c24543-d42.jpg,spaghetti
fb0f9834-bed.jpg,eggs
666efaa4-cba.jpg,spaghetti
365dbd92-806.jpg,steak
e3813056-552.jpg,cheesecake
b2c94129-1d6.jpg,fish
0f9498fa-358.jpg,falafel
088fba11-40e.jpg,baklava
2cfa1a38-59e.jpg,hamburger
7a349fce-e89.jpg,caesar_salad
d15f59d3-76a.jpg,chicken
27ce76bf-a90.jpg,cheese_sandwich
a7db8a46-832.jpg,pizza
22f61612-7c1.jpg,baklava
e577b13d-dd0.jpg,spaghetti
b6925d0b-60a.jpg,french_fries
a4073bb7-94c.jpg,chocolate_cake
f0be0ff6-a13.jpg,falafel
36115a90-09a.jpg,chicken
59fd6395-2ae.jpg,cheesecake
980d99ca-399.jpg,baklava
2b24e97e-5b7.jpg,donuts
95d7d386-72d.jpg,caesar_salad
d0ff689a-3ff.jpg,french_fries
ce12328e-885.jpg,steak
8e724a58-f4d.jpg,fish
29f31f80-328.jpg,pizza
a925c7ac-449.jpg,french_fries
cc5f3214-d2c.jpg,omelette
afdbae80-978.jpg,pizza
f4577b75-671.jpg,ice_cream
93c83096-edc.jpg,french_fries
c992c6fa-82b.jpg,caesar_salad
18ca8bcd-978.jpg,ice_cream
44bd7bd4-e6c.jpg,hamburger
a00494d1-fef.jpg,pizza
29ac989a-e03.jpg,spaghetti
3a2bbb79-5d9.jpg,fish
05f6c21e-5db.jpg,pizza
81d3a518-f16.jpg,steak
86ad7650-eb6.jpg,cheese_sandwich
96955322-a67.jpg,sushi
e163acde-e6c.jpg,eggs
1810c6b7-a5d.jpg,pizza
8b12359c-ce7.jpg,fish
091f22d7-95d.jpg,donuts
9f0c706a-fe4.jpg,hamburger
d97fc50d-2e7.jpg,spaghetti
ea5b4bbb-540.jpg,cheese_sandwich
d665706c-fe4.jpg,lasagna
1fdec34f-4df.jpg,chicken
40454ecb-ef5.jpg,caesar_salad
879ff736-013.jpg,french_fries
4b0aea83-eaf.jpg,eggs
23c79d66-248.jpg,omelette
f112dd1b-af6.jpg,hamburger
b8fc88c1-146.jpg,chicken
ca82ee87-66e.jpg,donuts
8f88b79a-8cc.jpg,lasagna
db6f02a3-625.jpg,pizza
393f72db-9ad.jpg,donuts
d00aa60f-d79.jpg,donuts
1c557ab3-c64.jpg,donuts
a4be20db-a75.jpg,cheese_sandwich
0b8f475e-ff1.jpg,fish
91b705ff-ac1.jpg,omelette
b368947d-850.jpg,donuts
55348863-935.jpg,caesar_salad
176e802a-6eb.jpg,ice_cream
e08f9ef5-3f3.jpg,french_fries
1c62bc99-5d7.jpg,fish
463b014b-115.jpg,chicken
e26fed50-49c.jpg,french_fries
cd75396c-4c5.jpg,steak
26ae6f80-926.jpg,baklava
185b8ef7-add.jpg,chicken
4b2b5554-51b.jpg,eggs
1c4e1bc8-55d.jpg,chicken_curry
7f5ac757-c6c.jpg,caesar_salad
6804cd44-93c.jpg,baked_potato
8f8cefac-52b.jpg,caesar_salad
508588f8-d59.jpg,cheese_sandwich
595db9d9-884.jpg,cheese_sandwich
6c9b8574-29d.jpg,donuts
575c8f02-5a9.jpg,hot_dog
83658dee-c4a.jpg,fish
3712e690-c2a.jpg,cheese_sandwich
907b585e-86c.jpg,pizza
3aaf5b88-b60.jpg,chicken
e655deec-1fa.jpg,pizza
5d1366c6-6be.jpg,caesar_salad
792b09ea-213.jpg,spaghetti
2b4af3d2-2be.jpg,falafel
c753f236-654.jpg,sushi
b6bac176-7ba.jpg,chicken_curry
a2c4d81f-d0b.jpg,falafel
271aa23c-c96.jpg,steak
605aa9d6-390.jpg,spaghetti
3c29dfa0-f1f.jpg,cheese_sandwich
b3f48a1f-1e8.jpg,fish
2625e1a9-22e.jpg,hamburger
a2ab9ccc-750.jpg,baked_potato
850ea865-591.jpg,baked_potato
e77fe682-79c.jpg,pizza
212d64f2-422.jpg,baklava
30f75e88-586.jpg,french_fries
1341ce33-a09.jpg,hot_dog
a14c9d9a-026.jpg,baked_potato
284d8c39-faf.jpg,sushi
b6b5d249-a1a.jpg,caesar_salad
4e600b1c-3fb.jpg,chicken_curry
ac646fff-af7.jpg,eggs
0977374b-30c.jpg,spaghetti
241f30fa-927.jpg,eggs
4ab3d825-074.jpg,cheese_sandwich
19eb4a72-4ef.jpg,chicken_curry
f3c25a72-039.jpg,chicken
ef5da425-006.jpg,donuts
d96ac2cd-f40.jpg,baked_potato
1a203dce-ea5.jpg,sushi
864cb173-95f.jpg,hamburger
6101c25b-477.jpg,spaghetti
33f91f46-9a1.jpg,spaghetti
04994893-290.jpg,baklava
aaab45c5-cd5.jpg,spaghetti
b13a9127-e37.jpg,steak
cef06a0c-945.jpg,pizza
9511b4fb-2ef.jpg,hamburger
dadd671b-a3b.jpg,cheese_sandwich
f5cce42d-70e.jpg,ice_cream
381d21c0-8a0.jpg,eggs
785d02c7-5db.jpg,lasagna
37d30f12-3ce.jpg,french_fries
2f5a8c72-944.jpg,omelette
ea871857-227.jpg,ice_cream
fda34449-8a6.jpg,cheese_sandwich
418122b7-c99.jpg,lasagna
94051cf2-37d.jpg,cheese_sandwich
6a9ab5b6-caf.jpg,chicken_curry
f4c16eae-217.jpg,caesar_salad
c88af22a-d5c.jpg,omelette
6296d9aa-035.jpg,pizza
323edca8-dca.jpg,falafel
1b1b2135-592.jpg,french_fries
a59c2ff0-2ff.jpg,donuts
58e1226f-aa7.jpg,chicken
c7de1cb0-94e.jpg,french_fries
5bd995e0-a9e.jpg,lasagna
66479b85-ccd.jpg,cheese_sandwich
ce076c97-cce.jpg,eggs
a835f30f-c8e.jpg,pizza
6643c554-85d.jpg,falafel
3f779433-50c.jpg,sushi
4a350d92-a1c.jpg,spaghetti
1bfbbd3e-c32.jpg,spaghetti
0146c66c-d0c.jpg,french_fries
c31ad988-9fa.jpg,baked_potato
add9643e-8d0.jpg,ice_cream
f0147ffd-a7b.jpg,donuts
eb935fae-901.jpg,spaghetti
54eb0274-6e9.jpg,baked_potato
2387e71d-ff3.jpg,donuts
f619cf68-d57.jpg,hamburger
9a128d5b-7da.jpg,cheese_sandwich
58667e30-1b4.jpg,chicken_curry
aa099ef6-c68.jpg,eggs
83f1aaef-34f.jpg,falafel
57b6992b-617.jpg,hot_dog
3cdead71-f4f.jpg,fish
48e73f7e-ac2.jpg,steak
477c024f-fbd.jpg,omelette
1c5e01a2-e28.jpg,caesar_salad
bf49f4e5-435.jpg,baklava
4169b5f6-e7e.jpg,baked_potato
5b9d76d5-d5b.jpg,caesar_salad
cc5c89d7-264.jpg,cheese_sandwich
bc3562cb-b1a.jpg,caesar_salad
d7457448-702.jpg,hot_dog
1aecfcd9-e65.jpg,donuts
6c9c83d4-77e.jpg,falafel
38d2ee7a-1a9.jpg,chicken_curry
e354a7d2-baf.jpg,pizza
02b9355a-ef7.jpg,hot_dog
1ab3d3bd-eab.jpg,ice_cream
b15763b4-198.jpg,cheese_sandwich
dc9dd507-123.jpg,pizza
c43ef512-5ac.jpg,falafel
14764352-5de.jpg,pizza
7ad75f81-04e.jpg,cheese_sandwich
ad99ea44-cf0.jpg,caesar_salad
5c2985cb-2cd.jpg,lasagna
b9d8adfa-ce5.jpg,chicken_curry
96ff3788-465.jpg,cheese_sandwich
4fda37bb-b62.jpg,hamburger
7a23cb2b-b7e.jpg,steak
d2f74db3-a7e.jpg,chicken_curry
6763a91b-40a.jpg,falafel
43967450-92d.jpg,eggs
cca65b74-ad0.jpg,lasagna
5162f078-c9b.jpg,caesar_salad
0af1073f-c40.jpg,lasagna
ec1bebc7-124.jpg,baklava
af02305d-682.jpg,omelette
7d67b787-57a.jpg,chocolate_cake
41815c21-4c1.jpg,fish
d8198b18-38e.jpg,omelette
40e981b2-4de.jpg,pizza
8c1f6c17-a6c.jpg,french_fries
22c0c2ae-f09.jpg,eggs
3a1b00d5-be2.jpg,sushi
b143cb9c-23e.jpg,omelette
457ba582-80c.jpg,lasagna
1fa75de2-409.jpg,falafel
052f39ff-56b.jpg,donuts
50453970-3df.jpg,baked_potato
2f8664bd-d1c.jpg,baked_potato
6815d1f7-aa1.jpg,chicken_curry
c8b00ffc-ebf.jpg,pizza
1cb58529-24c.jpg,caesar_salad
78c1b972-284.jpg,chocolate_cake
cfbf18b3-c11.jpg,falafel
e2b81bb9-270.jpg,chicken
a5b4be9e-2f3.jpg,chicken_curry
6a4aa247-b2b.jpg,chocolate_cake
17255a0c-b1f.jpg,hot_dog
eb163bf7-3a7.jpg,baklava
4bc6e9eb-9fa.jpg,baked_potato
83790aca-64a.jpg,chicken
16dea90d-c26.jpg,hamburger
b4f8a186-54c.jpg,spaghetti
37e71b36-cc7.jpg,caesar_salad
9ee6ed61-3e7.jpg,pizza
fa33e775-2f7.jpg,ice_cream
b94c2bfa-431.jpg,donuts
3864a858-72c.jpg,fish
de69b8d7-818.jpg,fish
ff95b6ab-cae.jpg,french_fries
407a56a7-ce2.jpg,eggs
a8ae7548-0c1.jpg,eggs
f606490b-c75.jpg,falafel
d5f64f3f-cc2.jpg,french_fries
c3596295-7db.jpg,chocolate_cake
8600c805-ffb.jpg,donuts
113add8e-406.jpg,steak
520ad883-84b.jpg,caesar_salad
7d67cea7-121.jpg,chicken_curry
f90251b5-23c.jpg,sushi
131dabce-689.jpg,fish
b55b8e9c-c8a.jpg,chocolate_cake
2862af5c-a67.jpg,steak
50ec43eb-c7c.jpg,steak
d2fbbb63-5f4.jpg,baklava
f1dc5cbe-ade.jpg,baked_potato
47783b52-ce7.jpg,baked_potato
86adec30-4e5.jpg,pizza
22881d0c-5d0.jpg,cheese_sandwich
dd83d54f-86e.jpg,cheesecake
1dead569-f85.jpg,lasagna
e940ddaf-9be.jpg,baked_potato
b76f3074-87b.jpg,fish
5c1a11bb-b94.jpg,donuts
8fe7c1d5-ee1.jpg,cheese_sandwich
9ab16773-d14.jpg,chicken
d2ae515e-a25.jpg,ice_cream
0e336fb3-d9a.jpg,baked_potato
2618e7fd-43b.jpg,donuts
f757da2f-16d.jpg,falafel
d112239a-448.jpg,cheesecake
246bb052-c68.jpg,spaghetti
df7a095b-bd0.jpg,chicken
32d10fbc-388.jpg,lasagna
e41926ea-e5d.jpg,sushi
6b837de9-204.jpg,hot_dog
fdd5bc49-137.jpg,cheese_sandwich
a1f3c349-7f5.jpg,steak
82685549-9ea.jpg,cheesecake
69d45fc1-1d7.jpg,chicken
0ec2bee3-760.jpg,caesar_salad
f822be23-9cb.jpg,eggs
60762ff6-519.jpg,eggs
ac02e8d4-eed.jpg,cheese_sandwich
0098bbdc-150.jpg,hamburger
04132c0b-6a3.jpg,eggs
df6cba32-401.jpg,chocolate_cake
eee53887-39e.jpg,cheesecake
6df53bc5-d1b.jpg,fish
4a03f1b0-5ac.jpg,lasagna
84e03a15-10f.jpg,cheese_sandwich
85c7b36a-28a.jpg,baked_potato
1fe8a017-b78.jpg,chicken_curry
ace610df-719.jpg,steak
d0f04252-ab3.jpg,hamburger
6e3a42ef-6f7.jpg,baked_potato
a4eebaf1-710.jpg,baklava
be190097-259.jpg,chicken
6d21f461-405.jpg,steak
0b31d2ac-68a.jpg,hamburger
fd3aa582-50f.jpg,hot_dog
85b89a88-0ff.jpg,spaghetti
c083da1b-5dd.jpg,chicken_curry
fcb77df5-fb3.jpg,steak
2adcd6bb-591.jpg,hamburger
061af89b-8a7.jpg,hamburger
2781e15b-9ee.jpg,baklava
70a7cc17-85a.jpg,falafel
bcce49ae-183.jpg,french_fries
56bc139b-b30.jpg,french_fries
dbf78042-039.jpg,eggs
05e40a2e-ebb.jpg,eggs
587a17d8-316.jpg,fish
9cbd6f82-9a5.jpg,french_fries
5012d9ab-3e4.jpg,steak
324e00be-e3c.jpg,ice_cream
563d9735-f16.jpg,french_fries
af099466-a55.jpg,spaghetti
8d7fb94a-31c.jpg,hot_dog
fbe3da58-316.jpg,chicken
f411f2ee-d70.jpg,chocolate_cake
862d6ef6-97a.jpg,chocolate_cake
8e5ceca0-5da.jpg,french_fries
fb861e07-852.jpg,baked_potato
ae056ee2-6dd.jpg,lasagna
0c8c412e-40c.jpg,pizza
3eba5c98-990.jpg,falafel
cb70633d-9c3.jpg,falafel
1815386d-438.jpg,hot_dog
b560018b-43f.jpg,cheese_sandwich
f44f71ee-75c.jpg,donuts
8463c371-cea.jpg,baklava
e1f29259-3af.jpg,ice_cream
be562572-504.jpg,french_fries
86d76463-551.jpg,hot_dog
004932fe-111.jpg,donuts
27007dd4-5ad.jpg,fish
86de3f83-b4f.jpg,baked_potato
96eb7198-aa8.jpg,cheesecake
2604622e-53b.jpg,falafel
9d7c8313-c6d.jpg,ice_cream
5c50c4be-f9e.jpg,eggs
90b23120-6ca.jpg,steak
44dab839-d11.jpg,steak
99110fd8-67e.jpg,fish
f1a9ec2a-494.jpg,fish
ebd9551a-1e5.jpg,baklava
3d6542ad-08b.jpg,ice_cream
8bf24f02-510.jpg,steak
cfe7110f-1e0.jpg,donuts
aa81e760-b63.jpg,steak
e84cb2df-957.jpg,eggs
2d76df34-e67.jpg,fish
a1d44212-120.jpg,baklava
499e1374-ac8.jpg,chocolate_cake
bd7782d4-52e.jpg,eggs
4212b500-2f7.jpg,chicken
0879e6ec-c6e.jpg,pizza
a15a24a5-e38.jpg,spaghetti
6977f85b-254.jpg,falafel
c12c9463-742.jpg,lasagna
2baf4f62-dcc.jpg,spaghetti
77947d6c-183.jpg,caesar_salad
0d12b826-9d7.jpg,hamburger
282afa8a-883.jpg,hot_dog
9845ce1c-925.jpg,falafel
736426aa-586.jpg,chocolate_cake
520195d8-9ce.jpg,lasagna
ad59a516-28f.jpg,chocolate_cake
4a5d8fbb-ed3.jpg,baked_potato
3bd9f73a-b4e.jpg,fish
4ebd6a83-43f.jpg,french_fries
dd60f182-06e.jpg,falafel
c8acb1fd-09c.jpg,chicken
46699475-273.jpg,cheese_sandwich
5f914612-83f.jpg,baklava
e427a73b-970.jpg,chicken
56ec73be-da1.jpg,omelette
75a09134-e69.jpg,chicken
63fe93db-dde.jpg,lasagna
509abf66-bd9.jpg,steak
97f6ca01-040.jpg,french_fries
255e3a25-b25.jpg,omelette
bc53fd1e-3af.jpg,steak
f7f04869-4b6.jpg,caesar_salad
f555f20d-a51.jpg,eggs
f20cf88b-444.jpg,hamburger
7ddda7a5-088.jpg,omelette
72c172e1-a4e.jpg,donuts
81fc8c66-24c.jpg,hamburger
5b37dc15-f4a.jpg,hot_dog
15b51d1a-b25.jpg,ice_cream
8024460a-c70.jpg,donuts
8e782808-65e.jpg,donuts
aeb2fb86-d93.jpg,hamburger
a77790c2-1dc.jpg,french_fries
2aa84739-de8.jpg,cheesecake
1b4118fd-0d6.jpg,hamburger
9917c0ad-80b.jpg,baklava
c5c4d2fc-2ba.jpg,caesar_salad
0c0786c5-661.jpg,chicken
433ca002-a8c.jpg,fish
9137eaba-52f.jpg,chocolate_cake
c7065059-efe.jpg,sushi
783ea3aa-863.jpg,chicken_curry
42304231-3a8.jpg,ice_cream
f0c5bfe0-fde.jpg,falafel
7cc32955-0f9.jpg,fish
d6c66c3a-dc9.jpg,hamburger
1d3938ee-f31.jpg,chicken_curry
7715df69-967.jpg,fish
7a57d2de-a79.jpg,omelette
c8357242-a4b.jpg,baked_potato
c606141e-d1b.jpg,chicken
061f935b-d49.jpg,steak
ba56ab9f-beb.jpg,baklava
6119770e-389.jpg,fish
122acc6c-db9.jpg,omelette
265830f7-123.jpg,fish
e616f516-130.jpg,steak
caa35f55-966.jpg,chicken
40147d11-ef3.jpg,french_fries
5580fdc0-987.jpg,chicken
0a2c0ea3-e02.jpg,chicken_curry
9d8ac9dd-1f6.jpg,hamburger
acdef1b3-ed8.jpg,eggs
22096527-f5d.jpg,donuts
68d00de5-f2f.jpg,caesar_salad
6ae4ebc0-b0c.jpg,cheesecake
94fbdd29-8a9.jpg,chocolate_cake
9527ff46-396.jpg,omelette
928e6b2e-aec.jpg,chicken_curry
65f5591f-dc2.jpg,french_fries
1bf38c2b-fff.jpg,sushi
8240575a-e45.jpg,chicken_curry
f277b4f3-f7e.jpg,french_fries
f9bada36-8df.jpg,baklava
c7fe5971-7c7.jpg,spaghetti
2308c430-6ed.jpg,eggs
3362909b-c4f.jpg,french_fries
7c5e943f-a01.jpg,hamburger
7b3b3140-f8b.jpg,sushi
7134042f-bd4.jpg,french_fries
c79e520a-934.jpg,sushi
3a5fcc2d-f62.jpg,omelette
f4011828-a4f.jpg,hamburger
29ca152d-08c.jpg,fish
0d59ae8f-718.jpg,cheese_sandwich
c67cfba2-658.jpg,ice_cream
0e59c0e0-420.jpg,pizza
c94a8d16-736.jpg,french_fries
dc1dc63f-5f9.jpg,hamburger
f76b776f-7de.jpg,caesar_salad
1a5e53d9-cf5.jpg,chocolate_cake
e857eb29-9e4.jpg,fish
abe79991-3d8.jpg,french_fries
68fb162b-79e.jpg,lasagna
16bf9d7a-a15.jpg,cheese_sandwich
5c2a8f25-98d.jpg,cheesecake
0cc3e4d7-c5c.jpg,chocolate_cake
ac13a87c-dbe.jpg,caesar_salad
15fb741e-263.jpg,baklava
a74d595f-33c.jpg,ice_cream
ac407456-29a.jpg,fish
47c072fb-8a2.jpg,baklava
0d57a704-377.jpg,falafel
4f0aaa28-a51.jpg,falafel
8b40e6ee-30f.jpg,donuts
c7fa60b1-1c4.jpg,eggs
d9608a2f-1a0.jpg,hot_dog
ba3683bc-6ce.jpg,donuts
351ff365-c17.jpg,sushi
c2535680-d20.jpg,falafel
d33fbd08-240.jpg,ice_cream
1061a28e-7eb.jpg,ice_cream
6bd1a545-e65.jpg,omelette
dcd752d2-1be.jpg,chocolate_cake
36853f02-aac.jpg,baklava
2c5529da-ba7.jpg,spaghetti
d6144e59-508.jpg,caesar_salad
111afd2f-66c.jpg,eggs
63027c8c-559.jpg,chicken_curry
dee89839-f9f.jpg,eggs
e623244c-803.jpg,chocolate_cake
34617bf2-b57.jpg,eggs
d533353e-8dd.jpg,lasagna
586b7164-2a5.jpg,chicken
0581cda8-959.jpg,baklava
1556dc51-dfd.jpg,chicken
42a6de18-eef.jpg,sushi
b84b8494-59c.jpg,french_fries
d60c3920-a10.jpg,ice_cream
0b818980-a9b.jpg,lasagna
a20d0766-08e.jpg,cheesecake
b3e67d68-8f8.jpg,french_fries
518da821-52d.jpg,chicken_curry
8c9b06b3-834.jpg,falafel
f2beab05-087.jpg,hot_dog
0c52ee43-b82.jpg,hot_dog
db8d8c76-d18.jpg,chicken
d34ce512-340.jpg,falafel
d9c1ae39-861.jpg,eggs
eaa6b560-2b1.jpg,donuts
159e6f65-aad.jpg,french_fries
f27b791f-c6f.jpg,omelette
32dae636-aa7.jpg,fish
8776e095-dd3.jpg,baklava
5253cb9e-791.jpg,falafel
d32c02c6-98b.jpg,falafel
fccf20dd-24f.jpg,cheesecake
47074db5-929.jpg,sushi
66e7dd16-710.jpg,steak
6edebe25-0dd.jpg,hamburger
3c94befd-485.jpg,french_fries
427e144c-c78.jpg,chicken
b77d4d15-c8d.jpg,french_fries
45abfd3a-234.jpg,cheese_sandwich
1d870ca1-5a1.jpg,hot_dog
449e168a-91f.jpg,eggs
2aa13f13-43e.jpg,steak
46cf978e-b7a.jpg,falafel
6a75853e-cbd.jpg,pizza
6721c0c9-1a0.jpg,cheesecake
af0518b7-55c.jpg,spaghetti
9e9aa09c-b25.jpg,falafel
0ab2f510-5b5.jpg,hot_dog
e31228cb-970.jpg,steak
1151f3aa-018.jpg,chocolate_cake
08befa99-583.jpg,chicken_curry
2fd37315-f11.jpg,pizza
bf780c92-53a.jpg,eggs
fc5f37e2-e8e.jpg,eggs
cc14430f-b3e.jpg,steak
e6f55c02-d09.jpg,chicken_curry
947d8502-b6a.jpg,ice_cream
5c826cf0-8a2.jpg,hamburger
823d4f7f-42b.jpg,pizza
95e2795d-578.jpg,donuts
f44aa5ab-504.jpg,baked_potato
0a6fea73-e32.jpg,chocolate_cake
75c4da8c-aa8.jpg,baklava
5cd105f0-622.jpg,cheese_sandwich
381fc93e-92d.jpg,caesar_salad
44904112-68f.jpg,ice_cream
038dc31d-095.jpg,fish
18979f49-52e.jpg,baklava
8f857ce0-77f.jpg,chicken
28e68736-a01.jpg,chicken
115e9126-3ca.jpg,donuts
7ccac137-09b.jpg,baklava
204f611b-281.jpg,donuts
909d0cd4-d15.jpg,donuts
a514b987-f68.jpg,pizza
75d88294-2ca.jpg,fish
eb1eb406-888.jpg,cheesecake
9891cf8b-271.jpg,pizza
ba937612-13d.jpg,lasagna
4447e325-32a.jpg,fish
69ff7774-39c.jpg,fish
d9a3bd4a-734.jpg,baklava
a2109dc5-deb.jpg,chocolate_cake
f8681c3b-fa8.jpg,chicken
1d32bd6b-d27.jpg,spaghetti
44f7d8e8-72c.jpg,donuts
5eb04bcb-b5e.jpg,caesar_salad
724ad937-ac5.jpg,spaghetti
4909b52c-8ff.jpg,eggs
87c206ac-a89.jpg,cheese_sandwich
d504f1cf-0b0.jpg,falafel
e083b05b-ea8.jpg,ice_cream
8ad622b3-697.jpg,chicken
946f0cd3-b1a.jpg,pizza
7d794526-587.jpg,chocolate_cake
e54cdabe-171.jpg,steak
90b3c13c-2e0.jpg,fish
4846af14-ff2.jpg,baklava
820d9cd3-bfa.jpg,falafel
cd0e9347-969.jpg,cheese_sandwich
ddc177eb-af5.jpg,baklava
2cc158e4-1d5.jpg,chocolate_cake
64c856c1-494.jpg,french_fries
cb648550-3ed.jpg,hot_dog
74b3bbe6-c0b.jpg,chicken
b1a3dbd8-8af.jpg,steak
38385056-497.jpg,steak
adccaa13-f38.jpg,spaghetti
a916a4b0-b27.jpg,hamburger
55949653-51a.jpg,caesar_salad
08da3152-247.jpg,baklava
103398dd-49f.jpg,pizza
779defd6-45f.jpg,cheese_sandwich
f97b6552-75e.jpg,baked_potato
648c32ca-02a.jpg,chicken
cf0c8244-2a5.jpg,chicken
326e92ce-fc6.jpg,hamburger
256308dd-3fa.jpg,baklava
336d1896-3c6.jpg,falafel
d338c88f-d0b.jpg,spaghetti
23e14a0f-1a2.jpg,chocolate_cake
43b70022-d52.jpg,falafel
b3c46bc4-6ef.jpg,chocolate_cake
e2524e02-885.jpg,donuts
eb5ac149-462.jpg,french_fries
a4948152-b23.jpg,chicken_curry
174d67f9-a38.jpg,cheesecake
59fc4893-b9b.jpg,baklava
59d1d115-4e4.jpg,ice_cream
96853cb7-849.jpg,caesar_salad
5970d233-50d.jpg,steak
c413694b-154.jpg,fish
e11c996e-a3c.jpg,falafel
c1d77f32-073.jpg,baked_potato
90cdf725-d6c.jpg,cheese_sandwich
290ddd1d-6bb.jpg,hot_dog
8778ffee-8b5.jpg,fish
162d0966-7c5.jpg,spaghetti
db04983c-ff7.jpg,eggs
64a8547f-7fb.jpg,baklava
2c846c92-81b.jpg,cheese_sandwich
33bff95b-285.jpg,cheese_sandwich
f4118dc2-ff8.jpg,donuts
b2e5ac4c-15b.jpg,falafel
f8ef51d3-fc9.jpg,omelette
647626dd-c45.jpg,eggs
f95211ef-bfd.jpg,chocolate_cake
af2df9f4-eb3.jpg,lasagna
0965a27f-398.jpg,hamburger
78a6f533-592.jpg,chicken_curry
7b834e29-e91.jpg,chocolate_cake
d74da306-20e.jpg,pizza
0c295e8f-46c.jpg,chicken
c93be171-63c.jpg,chicken
8382a8d5-4d7.jpg,ice_cream
8b543f8a-c55.jpg,cheese_sandwich
a70bd009-9d6.jpg,caesar_salad
0c4192a4-ee5.jpg,chocolate_cake
6ae7c168-112.jpg,hamburger
e4304a7f-af1.jpg,eggs
705e7942-7d9.jpg,sushi
939e72ba-11a.jpg,sushi
5a0b6380-827.jpg,sushi
a1cb99bd-b98.jpg,chicken_curry
dcc16448-364.jpg,caesar_salad
7dc72a6f-a85.jpg,eggs
f47e6c28-e88.jpg,pizza
6117dd9d-2e1.jpg,caesar_salad
2bbe9ccc-a19.jpg,cheese_sandwich
5e8b0f88-816.jpg,chicken_curry
5c6ee228-d07.jpg,eggs
418e7df6-911.jpg,eggs
1e7ef0f6-941.jpg,omelette
068b39f2-9bc.jpg,falafel
77af9529-b85.jpg,hamburger
8adcafb1-b4a.jpg,eggs
ee1e3466-d46.jpg,hot_dog
6241f067-e38.jpg,hamburger
1fb51921-cf8.jpg,caesar_salad
cc303571-b11.jpg,hamburger
169cfb86-cc7.jpg,fish
6e676021-f9d.jpg,baked_potato
552d94ac-213.jpg,chicken_curry
41b746f0-1ba.jpg,hot_dog
158bc048-9f0.jpg,cheese_sandwich
85568760-df7.jpg,baklava
f2d8dec3-6d8.jpg,pizza
34083ab0-03c.jpg,sushi
04d8072b-024.jpg,chicken_curry
6e6bd4aa-523.jpg,sushi
b5612dd4-781.jpg,chocolate_cake
f1c05a6f-285.jpg,sushi
71173eb9-591.jpg,eggs
7c52f291-7b1.jpg,donuts
0fed24c9-b05.jpg,french_fries
765b4a35-d53.jpg,ice_cream
c6dbffae-4a9.jpg,hot_dog
fe14477e-cf1.jpg,fish
e19c965b-1ac.jpg,cheese_sandwich
c666e55b-30f.jpg,chicken
a257319c-9b9.jpg,pizza
fd7f5052-b42.jpg,falafel
6d2353eb-cce.jpg,caesar_salad
458555da-289.jpg,hot_dog
35329faf-e33.jpg,fish
306a6773-727.jpg,hot_dog
c91a3faa-044.jpg,hot_dog
d612e14a-73a.jpg,fish
5c5e4791-825.jpg,baklava
0fb48529-80b.jpg,falafel
a12b0673-e27.jpg,chicken
1d5077f3-708.jpg,chicken_curry
0e4c2048-de3.jpg,falafel
5b469e13-cce.jpg,cheese_sandwich
34af192e-937.jpg,french_fries
2a861234-bb5.jpg,ice_cream
975db1c9-431.jpg,eggs
f3525651-dbd.jpg,chocolate_cake
414c06d0-e29.jpg,fish
131b6ad1-e07.jpg,chocolate_cake
8e53bb2b-1b9.jpg,caesar_salad
52848001-bed.jpg,french_fries
64489d04-5cb.jpg,baklava
7bb1e0c4-dec.jpg,cheesecake
1a586fc6-fc9.jpg,baklava
1d80d047-364.jpg,donuts
1b543239-617.jpg,chocolate_cake
d593e3e8-f5f.jpg,ice_cream
269a2228-f6f.jpg,ice_cream
369560d5-181.jpg,donuts
9771c4c0-820.jpg,spaghetti
8eb24415-f9a.jpg,baklava
6d89d8e1-2cd.jpg,eggs
d50b14f5-125.jpg,sushi
a045a660-d7e.jpg,falafel
67dc0799-2e9.jpg,chocolate_cake
e541345f-bd0.jpg,spaghetti
e093cc2e-d57.jpg,hamburger
abbca6d9-ce0.jpg,donuts
4723d694-0e7.jpg,eggs
6b95f7fd-2b8.jpg,eggs
3d3de899-9a2.jpg,chicken
7218df99-cba.jpg,sushi
231fa8e5-516.jpg,chicken
6cb28c1d-70c.jpg,caesar_salad
a1dd048b-a12.jpg,caesar_salad
e85ed338-aac.jpg,french_fries
a989dd42-9b1.jpg,steak
0eec5765-c54.jpg,spaghetti
845cf4d4-4e7.jpg,cheesecake
ae0d5da1-45d.jpg,cheese_sandwich
ea3c2adf-6e8.jpg,chocolate_cake
89da4a58-670.jpg,ice_cream
8ef85e78-de9.jpg,sushi
349d0ad9-066.jpg,baklava
ee6fc05c-167.jpg,baklava
8fe0bfbc-b9c.jpg,ice_cream
42e3d5fb-138.jpg,hamburger
40b7fdce-23a.jpg,donuts
6ccd7037-5f8.jpg,sushi
e00cff9b-baa.jpg,cheesecake
684f43f9-e50.jpg,pizza
d4638568-06f.jpg,eggs
22e60d36-5bb.jpg,steak
83a7eaac-df0.jpg,eggs
a2112fb2-0e8.jpg,ice_cream
5dd063ce-76c.jpg,fish
eef40ef1-e95.jpg,ice_cream
20bd1c28-81b.jpg,lasagna
e0b8734c-a62.jpg,hamburger
dbf1eab6-7f5.jpg,spaghetti
3330915a-1b5.jpg,eggs
a1817b2a-2f9.jpg,chocolate_cake
da89f825-c9e.jpg,steak
b0acaa55-11c.jpg,cheese_sandwich
6ba581e6-312.jpg,baklava
9db755a9-534.jpg,cheese_sandwich
6bc50d1a-c55.jpg,cheese_sandwich
deaa5127-6e7.jpg,steak
eca06593-071.jpg,eggs
f447a11e-ef6.jpg,steak
3fb73238-70b.jpg,baked_potato
561b0993-8d2.jpg,hamburger
f6c9b14c-587.jpg,cheese_sandwich
c35d5233-27a.jpg,baked_potato
8ca177b4-5d9.jpg,cheesecake
82f8b4d8-f7a.jpg,lasagna
30aaa4af-44d.jpg,hot_dog
319b9a35-474.jpg,baklava
23ef30b9-c81.jpg,lasagna
c44eca2d-3ad.jpg,hamburger
e0235ff4-045.jpg,chicken
0c1bb642-f1d.jpg,pizza
60fd8d7d-cb9.jpg,spaghetti
cc6ee73b-55d.jpg,french_fries
39fd0bcd-daa.jpg,cheese_sandwich
a89296c1-95f.jpg,eggs
89103356-02e.jpg,donuts
8a9dae51-1ae.jpg,spaghetti
f730a20d-3d2.jpg,steak
1484ecb6-922.jpg,baklava
0020bbed-a6b.jpg,lasagna
ac93a325-d84.jpg,omelette
9e2e3a54-3ca.jpg,sushi
7f7cb524-319.jpg,spaghetti
3f7d342d-d28.jpg,chocolate_cake
c0eee53e-376.jpg,chicken_curry
5f9ed4bd-c7e.jpg,spaghetti
4f847b3e-266.jpg,steak
f5285678-725.jpg,spaghetti
09d38b9b-583.jpg,cheesecake
4a6b15e2-8a2.jpg,falafel
ac56fd81-a6c.jpg,fish
3668d9f7-f26.jpg,caesar_salad
178c997b-213.jpg,hot_dog
43714a4f-48f.jpg,steak
dea9d71f-920.jpg,omelette
f97dbdf2-e57.jpg,chocolate_cake
bfa1b974-880.jpg,falafel
51d6a8e9-a32.jpg,spaghetti
